Price,Area,Bedrooms,Bathrooms,Location,Property_Type,Sale_Year,Year_Built,Parking,Price_Per_Sqft,Property_Age
5620000,676,1,1,Chennai,Independent House,2025,1998,2,8313.61,27
10720000,1580,3,2,Kochi,Independent House,2024,2014,0,6784.81,10
10940000,1992,3,4,Pune,Apartment,2021,2017,1,5491.97,4
9300000,1181,2,3,Visakhapatnam,Villa,2024,2003,1,7874.68,21
5970000,897,1,1,Mysuru,Independent House,2025,1997,0,6655.52,28
15130000,2380,4,3,Chennai,Townhouse,2025,2021,1,6357.14,4
10170000,1952,3,2,Vijayawada,Independent House,2021,2009,1,5210.04,12
8310000,1408,2,2,Pune,Independent House,2020,2005,1,5901.99,15
13360000,2321,4,4,Kochi,Townhouse,2025,2009,0,5756.14,16
16220000,2385,3,4,Pune,Townhouse,2022,2002,0,6800.84,20
14510000,2571,4,4,Tirupati,Townhouse,2024,1997,1,5643.72,27
9890000,1356,2,1,Pune,Villa,2025,2005,1,7293.51,20
18400000,3796,5,5,Tirupati,Independent House,2024,1998,2,4847.21,26
6790000,1422,2,2,Kochi,Apartment,2024,2005,1,4774.96,19
10110000,1688,2,2,Vijayawada,Apartment,2020,2018,1,5989.34,2
17640000,2765,4,4,Pune,Independent House,2022,2011,2,6379.75,11
19390000,2737,4,4,Pune,Townhouse,2025,2015,1,7084.4,10
6760000,1132,2,1,Chennai,Independent House,2024,2002,0,5971.73,22
5740000,889,1,1,Hyderabad,Apartment,2024,2002,1,6456.69,22
20450000,2340,4,5,Bengaluru,Townhouse,2021,1998,0,8739.32,23
11300000,1966,3,2,Mysuru,Apartment,2023,2018,1,5747.71,5
9580000,1236,2,3,Hyderabad,Independent House,2022,2009,0,7750.81,13
10740000,1493,2,1,Pune,Independent House,2021,2008,1,7193.57,13
9230000,1283,2,1,Tirupati,Townhouse,2022,2008,2,7194.08,14
14560000,1614,3,4,Pune,Villa,2021,1996,3,9021.07,25
5460000,899,1,2,Visakhapatnam,Independent House,2020,2011,0,6073.41,9
13520000,1770,3,3,Chennai,Independent House,2024,2014,0,7638.42,10
12340000,2250,3,3,Kochi,Independent House,2025,2017,1,5484.44,8
7610000,1640,3,2,Vijayawada,Apartment,2020,2012,0,4640.24,8
15010000,2371,4,4,Visakhapatnam,Independent House,2023,2021,2,6330.66,2
5700000,791,1,1,Pune,Independent House,2022,1998,0,7206.07,24
10920000,1691,3,3,Vijayawada,Townhouse,2022,1996,0,6457.72,26
4660000,797,1,1,Tirupati,Independent House,2025,2009,2,5846.93,16
5380000,657,1,1,Chennai,Villa,2024,2012,1,8188.74,12
14150000,2953,4,3,Visakhapatnam,Independent House,2025,2002,2,4791.74,23
19650000,3601,5,5,Mysuru,Independent House,2021,2008,0,5456.82,13
13350000,2203,4,4,Mysuru,Apartment,2023,2022,0,6059.92,1
7940000,1076,2,2,Coimbatore,Independent House,2023,2005,1,7379.18,18
9800000,1570,2,3,Vijayawada,Villa,2020,1998,2,6242.04,22
4160000,748,1,2,Vijayawada,Townhouse,2024,2011,0,5561.5,13
5410000,766,1,2,Vijayawada,Independent House,2022,2008,0,7062.66,14
10660000,1471,2,1,Kochi,Villa,2025,2008,2,7246.77,17
11810000,1385,2,3,Bengaluru,Villa,2023,2012,1,8527.08,11
14020000,1983,3,3,Kochi,Townhouse,2025,2001,2,7070.1,24
11570000,1964,3,3,Bengaluru,Apartment,2021,2016,1,5891.04,5
3550000,693,1,2,Tirupati,Townhouse,2023,2015,2,5122.66,8
11640000,1903,3,3,Coimbatore,Apartment,2023,2002,0,6116.66,21
5630000,796,1,1,Coimbatore,Townhouse,2021,2020,1,7072.86,1
11250000,1520,2,3,Kochi,Townhouse,2024,2009,0,7401.32,15
16690000,2900,4,4,Vijayawada,Townhouse,2025,2002,1,5755.17,23
9370000,1682,2,2,Hyderabad,Apartment,2021,1999,0,5570.75,22
7220000,861,1,2,Hyderabad,Townhouse,2023,1996,0,8385.6,27
21820000,3689,5,4,Kochi,Townhouse,2023,1995,1,5914.88,28
13750000,1884,3,3,Mysuru,Villa,2023,2010,1,7298.3,13
15560000,2855,4,5,Mysuru,Apartment,2023,2013,2,5450.09,10
7770000,1067,2,3,Mysuru,Villa,2023,2005,1,7282.1,18
6290000,1119,2,3,Mysuru,Townhouse,2020,2018,2,5621.09,2
11080000,1994,3,2,Hyderabad,Independent House,2021,1995,2,5556.67,26
21680000,1888,3,3,Chennai,Villa,2021,2014,3,11483.05,7
29420000,3053,5,4,Bengaluru,Villa,2024,2016,2,9636.42,8
